TTT,F,Phe,Phenylalanine
TTC,F,Phe,Phenylalanine
TTA,L,Leu,Leucine
TTG,L,Leu,Leucine
TCT,S,Ser,Serine
TCC,S,Ser,Serine
TCA,S,Ser,Serine
TCG,S,Ser,Serine
TAT,Y,Tyr,Tyrosine
TAC,Y,Tyr,Tyrosine
TAA,.,.,Stop
TAG,.,.,Stop
TGT,C,Cys,Cysteine
TGC,C,Cys,Cysteine
TGA,.,.,Stop
TGG,W,Trp,Tryptophan
CTT,L,Leu,Leucine
CTC,L,Leu,Leucine
CTA,L,Lue,Leucine
CTG,L,Leu,Leucine
CCT,P,Pro,Proline
CCC,P,Pro,Proline
CCA,P,Pro,Proline
CCG,P,Pro,Proline
CAT,H,His,Histidine
CAC,H,His,Histidine
CAA,Q,Gln,Glutamine
CAG,Q,Gln,Glutamine
CGT,R,Arg,Arginine
CGC,R,Arg,Arginine
CGA,R,Arg,Arginine
CGG,R,Arg,Arginine
ATT,I,Ile,Isoleucine
ATC,I,Ile,Isoleucine
ATA,I,Ile,Isoleucine
ATG,M,Met,Methionine
ACT,T,Thr,Threonine
ACC,T,Thr,Threonine
ACA,T,Thr,Threonine
ACG,T,Thr,Threonine
AAT,N,Asn,Asparagine
AAC,N,Asn,Asparagine
AAA,K,Lys,Lysine
AAG,K,Lys,Lysine
AGT,S,Ser,Serine
AGC,S,Ser,Serine
AGA,R,Arg,Arginine
AGG,R,Arg,Arginine
GTT,V,Val,Valine
GTC,V,Val,Valine
GTA,V,Val,Valine
GTG,V,Val,Valine
GCT,A,Ala,Alanine
GCC,A,Ala,Alanine
GCA,A,Ala,Alanine
GCG,A,Ala,Alanine
GAT,D,Asp,Aspartic Acid
GAC,D,Asp,Aspartic Acid
GAA,E,Glu,Glutamic Acid
GAG,E,Glu,Glutamic Acid
GGT,G,Gly,Glycine
GGC,G,Gly,Glycine
GGA,G,Gly,Glycine
GGG,G,Gly,Glycine
